step,generate_ms,forward_ms,backward_ms,optim_ms,total_ms,loss,reward_mean,reward_std,gpu_util_pct,gpu_freq_mhz,ram_used_mb,ram_total_mb,vdd_gpu_mw,vdd_cpu_mw,override_fired,override_reason
0,1171.1894404143095,91.91545657813549,582.500895485282,1845.7030411809683,3704.770976677537,-0.30704909563064575,0.4583333432674408,0.05892555043101311,43.496474330296806,0,17212,30697,11151,2767,1,latency 3704.77 > 2000.0
1,678.8848657160997,67.76176020503044,99.03414361178875,541.8739840388298,1387.7872005105019,0.0003542900085449219,0.4583333730697632,0.176776722073555,67.49433461190361,0,19429,30697,14162,2813,0,
2,707.4242886155844,62.683457508683205,99.63030368089676,312.64844723045826,1182.7874556183815,1.8335483074188232,0.5416666865348816,0.05892559140920639,70.44270843452941,0,19951,30697,15317,2804,0,
3,687.5318717211485,61.955776065588,100.67996941506863,366.85337498784065,1217.2673922032118,0.0,0.1666666716337204,0.0,83.51647523274039,0,20121,30697,16854,2974,0,
4,674.9171521514654,61.322784051299095,99.37961585819721,369.3558406084776,1205.2121926099062,0.0,0.25,0.0,72.667321707142,0,20169,30697,15943,2737,0,
5,412.1747836470604,63.34918364882469,101.88156925141811,335.7721585780382,913.4287666529417,1.7616357803344727,0.4285714626312256,0.2020305097103119,88.0289284351013,0,20183,30697,17539,2953,0,
6,673.0376314371824,62.13708780705929,100.68790428340435,461.7295991629362,1297.827934846282,2.063511848449707,0.5416666865348816,0.05892559140920639,76.6642838597748,0,20188,30697,16478,2755,0,
7,674.0682236850262,61.644768342375755,99.35945644974709,336.3681584596634,1171.6898549348116,0.09599819779396057,0.2916666865348816,0.1767766922712326,67.49384800923889,0,20188,30697,15675,2619,0,
8,682.4987214058638,63.15180845558643,100.7449273020029,479.4479999691248,1326.10803283751,1.8485097885131836,0.4583333730697632,0.176776722073555,81.63220758470047,0,20188,30697,16628,2905,0,
9,670.5020498484373,61.5218561142683,98.77055883407593,342.33094565570354,1173.3571216464043,0.0,0.5833333730697632,0.0,71.12539549021749,0,20188,30697,15764,2703,0,
10,705.7058569043875,62.359519302845,100.38086399435997,339.0933442860842,1207.7855039387941,0.09639036655426025,0.5416666865348816,0.1767766922712326,84.26373744167297,0,20188,30697,17009,2886,0,
11,673.2237432152033,62.53148801624775,101.51446424424648,582.793215289712,1420.2991984784603,0.7365959286689758,0.625,0.294627845287323,79.70159088641726,0,20190,30697,16518,2870,0,
12,677.52137593925,61.82108819484711,100.67084804177284,335.6703035533428,1175.9493425488472,2.0001537799835205,0.5,0.1178511455655098,70.66334851574214,0,20190,30697,16152,2731,0,
13,676.6798719763756,62.514400109648705,99.20985624194145,336.8391674011946,1175.5041275173426,2.0470492839813232,0.4583333730697632,0.176776722073555,71.10122009311047,0,20190,30697,15802,2601,0,
14,674.2250882089138,62.40169517695904,99.92131218314171,454.6211510896683,1291.39987193048,-0.007149755954742432,0.4583333432674408,0.05892555043101311,71.81766447191475,0,20190,30697,15805,2567,0,
15,691.4679352194071,61.40073575079441,99.66393560171127,336.4046737551689,1189.167296513915,0.8622938990592957,0.25,0.1178511381149292,75.88474427699322,0,20190,30697,16355,2811,0,
16,679.4283520430326,63.04086372256279,102.16931253671646,500.3325119614601,1345.2000003308058,-1.68510103225708,0.625,0.05892555043101311,82.3555114313413,0,20192,30697,16916,2964,0,
17,673.2617281377316,61.52617558836937,99.76963326334953,337.43676729500294,1172.2362879663706,-0.0945286750793457,0.4166666865348816,0.117851123213768,71.95572574579603,0,20192,30697,16056,2734,0,
18,705.5593933910131,62.1675830334425,100.45324824750423,335.6509115546942,1204.0851842612028,-1.7163634300231934,0.625,0.05892555043101311,85.17398408882718,0,20192,30697,17272,2927,0,
19,673.2638403773308,61.57580763101578,100.70694424211979,578.1157445162535,1413.890240713954,-1.972525954246521,0.625,0.05892555043101311,79.6328150071864,0,20192,30697,16550,2868,0,
20,671.297824010253,61.885055154562,100.46409629285336,332.3617596179247,1166.2463676184416,2.170846700668335,0.3750000298023224,0.294627845287323,71.11106711583987,0,20192,30697,15706,2704,0,
21,688.775297254324,63.08089569211006,101.80732794106007,368.59155260026455,1222.5102093070745,1.9566998481750488,0.4583333730697632,0.176776722073555,86.60588201094397,0,20192,30697,17140,2966,0,
22,672.2730565816164,61.76227144896984,99.41744059324265,461.666751652956,1295.3551039099693,0.0,0.5,0.0,75.31533091988409,0,20192,30697,16104,2694,0,
23,693.0763516575098,62.03027255833149,100.37913545966148,336.2283855676651,1191.950624808669,-0.13998302817344666,0.3333333432674408,0.1178511455655098,77.22817071295901,0,20192,30697,16583,2800,0,
24,680.8202881366014,63.38662467896938,102.01465524733067,498.8898877054453,1345.3578557819128,0.0,0.5833333730697632,0.0,80.73093046863957,0,20192,30697,16461,2977,0,
25,393.2082559913397,62.34735995531082,100.93500837683678,336.07209473848343,892.8057588636875,0.0,0.2857142984867096,0.0,75.25580254158534,0,20192,30697,16380,2760,0,
26,691.4239041507244,64.15699049830437,101.78736038506031,361.51283234357834,1219.1294394433498,0.0,0.5833333730697632,0.0,84.82182842697627,0,20192,30697,16661,3001,0,
27,673.5912002623081,61.60825677216053,99.64799880981445,338.4036161005497,1173.480799421668,0.3331206440925598,0.375,0.0589255727827549,73.69449057657283,0,20192,30697,16290,2704,0,
28,672.9369927197695,61.57500855624676,99.9371837824583,312.3033922165632,1146.9924487173557,1.9065217971801758,0.6666666865348816,0.11785110086202621,68.60963307186323,0,20192,30697,15850,2593,0,
29,675.4680629819632,63.130784779787064,102.12614387273788,544.596990570426,1385.5523504316807,0.0,0.5833333730697632,0.0,76.36051921491155,0,20192,30697,16158,2789,0,
30,675.5312643945217,62.04831972718239,100.06016120314598,309.6124157309532,1147.487873211503,0.2911931574344635,0.2916666865348816,0.0589255727827549,72.3764693982433,0,20192,30697,15907,2725,0,
31,697.9977283626795,63.31673637032509,101.6332171857357,328.7471681833267,1191.9311042875051,-0.0440506637096405,0.4583333432674408,0.05892555043101311,86.3090780612624,0,20192,30697,17115,2986,0,
32,673.1609292328358,61.447424814105034,99.16211105883121,413.8746876269579,1247.8761598467827,0.0,0.6666666865348816,0.0,76.2951870680958,0,20192,30697,16264,2715,0,
33,693.6274245381355,61.63843162357807,99.8646728694439,310.23894250392914,1165.5998714268208,-0.1647186577320099,0.25,0.1178511381149292,79.86239912190723,0,20192,30697,16667,2889,0,
34,675.7892146706581,64.39344026148319,102.99174301326275,532.5561612844467,1375.9751040488482,0.2198767364025116,0.2916666865348816,0.1767766922712326,80.72240759122569,0,20192,30697,16920,2967,0,
35,393.97983998060226,61.530208215117455,100.91814398765564,336.7975037544966,893.461599946022,0.0,0.2857142984867096,0.0,73.75185920724998,0,20192,30697,16656,2771,0,
36,689.6167043596506,64.02182392776012,101.81801579892635,410.09606420993805,1265.8055685460567,0.0,0.25,0.0,85.6680260823386,0,20192,30697,16926,2964,0,
37,676.4308158308268,61.972128227353096,100.65225511789322,419.24457624554634,1258.5383672267199,0.0,0.3333333432674408,0.0,74.48615178173212,0,20192,30697,16032,2709,0,
38,696.2564159184694,61.87558360397816,99.65302422642708,335.8840327709913,1193.899167701602,-0.16278287768363953,0.4583333730697632,0.176776722073555,80.1528178703456,0,20192,30697,16674,2886,0,
39,674.7265923768282,61.72054447233677,99.98035244643688,336.5228474140167,1173.1860805302858,1.9140009880065918,0.4166666865348816,0.2357022911310196,74.29598013406637,0,20192,30697,15997,2657,0,
40,674.1121914237738,61.62777543067932,99.14499148726463,334.53990519046783,1169.661408290267,-0.19856911897659302,0.125,0.0589255690574646,68.78224048072217,0,20192,30697,15514,2549,0,
41,690.1452783495188,62.50108778476715,100.41548870503902,336.76233515143394,1190.0707185268402,-0.08832162618637085,0.375,0.0589255727827549,78.60468062848605,0,20192,30697,16345,2670,0,
42,679.3551035225391,62.03881651163101,100.29350407421589,366.1772161722183,1208.0963533371687,1.6093809604644775,0.4166666865348816,0.2357022911310196,70.2687157669693,0,20192,30697,15808,2574,0,
43,702.5340814143419,62.24716827273369,99.98201578855515,335.07289737463,1200.0718414783478,0.0,0.5833333730697632,0.0,80.79887678452332,0,20192,30697,16835,2831,0,
44,397.5605759769678,62.760159373283386,101.2280322611332,502.77433544397354,1064.5621437579393,2.8696773052215576,0.5714285969734192,0.40406107902526855,80.09029059695972,0,20192,30697,16845,2722,0,
45,692.776033654809,62.122879549860954,99.0968644618988,310.693247243762,1164.9237759411335,1.9964752197265625,0.3333333432674408,0.35355344414711,76.53070701252328,0,20192,30697,16550,2808,0,
46,690.2527678757906,63.98729607462883,101.24761611223221,433.684766292572,1289.413470774889,0.17360591888427734,0.5,0.1178511455655098,83.79688278784417,0,20192,30697,16943,2997,0,
47,677.0093776285648,62.47580796480179,99.68480095267296,313.55590373277664,1152.9763527214527,0.563829779624939,0.4166666865348816,0.2357022911310196,73.89447101883725,0,20192,30697,16054,2767,0,
48,399.72943998873234,63.06924857199192,101.8313281238079,308.97497572004795,873.8670088350773,0.0,0.2857142984867096,0.0,71.57424610390476,0,20192,30697,15997,2654,0,
49,681.3799366354942,62.35536001622677,99.2729589343071,334.8017930984497,1178.04572917521,2.0437324047088623,0.4583333730697632,0.176776722073555,69.42746314506387,0,20192,30697,15688,2549,0,
50,701.5039678663015,62.705377116799355,99.44633580744267,334.6787840127945,1198.582911863923,-0.03465831279754639,0.3333333432674408,0.1178511455655098,80.99364677383903,0,20192,30697,16829,2851,0,
51,678.5403192043304,62.75158375501633,102.14332863688469,581.9332469254732,1425.600703805685,0.3538163900375366,0.3333333432674408,0.1178511455655098,80.4748092606808,0,20192,30697,16690,2879,0,
52,682.6198063790798,62.33004853129387,100.60108825564384,308.95030312240124,1154.7448951750994,1.831488847732544,0.5,0.1178511455655098,71.39670987155331,0,20192,30697,15893,2730,0,
53,701.9324172288179,64.4242875277996,100.67184083163738,335.57603135704994,1202.8465922921896,1.8567874431610107,0.5,0.1178511455655098,88.18243819054697,0,20192,30697,17072,2975,0,
54,398.56294356286526,61.9996152818203,100.38537532091141,309.3705289065838,870.5464955419302,0.0,0.2857142984867096,0.0,75.60277669888221,0,20192,30697,16603,2753,0,
55,703.9618566632271,63.970016315579414,102.05945558845997,310.9900802373886,1181.2344640493393,1.7746905088424683,0.4583333730697632,0.176776722073555,88.5977245703029,0,20192,30697,17553,2954,0,
56,679.1050229221582,62.35004775226116,99.72227178514004,337.9304949194193,1179.345054551959,1.740971565246582,0.5416666865348816,0.05892559140920639,74.07739852063442,0,20192,30697,16265,2725,0,
57,674.480127170682,61.670079827308655,100.08208081126213,309.22940745949745,1145.6915196031332,0.04277893900871277,0.375,0.0589255727827549,69.43289808945678,0,20192,30697,15691,2591,0,
58,681.5704628825188,64.40390460193157,103.22448052465916,524.1119358688593,1373.5495042055845,0.3740052282810211,0.2083333432674408,0.1767766922712326,81.55308140459262,0,20192,30697,16511,2887,0,
59,397.63292856514454,62.06073611974716,99.84963200986385,335.97500808537006,895.7541454583406,0.0,0.2857142984867096,0.0,71.72841304913788,0,20193,30697,16203,2769,0,
60,404.3278731405735,63.777856528759,102.55919955670834,529.5795854181051,1100.498529151082,0.0,0.2857142984867096,0.0,82.1232304982297,0,20193,30697,16835,2901,0,
61,681.6619522869587,62.34710477292538,100.17939284443855,309.27603133022785,1153.6965444684029,1.5774049758911133,0.5,0.1178511455655098,71.45520707762594,0,20193,30697,15853,2702,0,
62,702.1414395421743,63.013022765517235,100.05833767354488,308.6998388171196,1174.1651520133018,0.0,0.5833333730697632,0.0,86.32127720578424,0,20193,30697,16881,2957,0,
63,675.2129271626472,61.462145298719406,99.81532767415047,501.76095962524414,1338.4835198521614,1.9980746507644653,0.4583333730697632,0.176776722073555,77.257441978546,0,20193,30697,16341,2800,0,
64,405.1625281572342,61.62128038704395,99.91475194692612,309.21926349401474,876.155711710453,0.0,0.2857142984867096,0.0,82.8972771302416,0,20193,30697,16826,2881,0,
65,676.9758407026529,64.48969617486,102.19593532383442,566.4961282163858,1410.423008725047,0.061876505613327026,0.2916666865348816,0.0589255727827549,81.4405697846614,0,20193,30697,16801,2927,0,
66,672.6718712598085,62.73631937801838,100.41046515107155,334.45500768721104,1170.5075521022081,0.0,0.5833333730697632,0.0,71.80119788226385,0,20193,30697,15688,2723,0,
67,698.579104617238,63.584672287106514,101.89942270517349,310.2269768714905,1174.5414081960917,1.9771336317062378,0.5,0.1178511455655098,86.9211065023193,0,20193,30697,16951,2979,0,
68,673.5319998115301,61.512479558587074,99.74704124033451,482.474559918046,1317.4966406077147,0.0,0.5833333730697632,0.0,75.58773086378167,0,20193,30697,15982,2782,0,
69,687.7364162355661,61.54358386993408,100.33344104886055,308.7756149470806,1158.6218867450953,2.1716854572296143,0.4583333730697632,0.176776722073555,72.04068755872383,0,20193,30697,16076,2862,0,
70,682.88828805089,63.20444867014885,101.22419148683548,465.39782360196114,1312.9691183567047,1.7496814727783203,0.4583333730697632,0.176776722073555,82.14888157250755,0,20193,30697,16968,3037,0,
71,671.6810874640942,61.80371157824993,99.09881465137005,364.43350464105606,1197.246527299285,0.47414588928222656,0.4583333432674408,0.294627845287323,72.78239654699543,0,20193,30697,16018,2744,0,
72,673.2872948050499,61.756446957588196,99.64537620544434,335.704255849123,1170.63401453197,2.040658712387085,0.4583333730697632,0.176776722073555,65.9980641045114,0,20193,30697,15340,2621,0,
73,672.5970879197121,61.47155165672302,101.93158499896526,542.5758082419634,1378.8101766258478,-0.11192196607589722,0.375,0.0589255727827549,76.44660203981542,0,20193,30697,16226,2807,0,
74,677.1168317645788,61.652831733226776,99.51689653098583,308.90886299312115,1147.4218871444464,1.692967176437378,0.4583333730697632,0.176776722073555,72.0747035176395,0,20193,30697,16029,2757,0,
75,694.9677765369415,64.12848085165024,103.16377505660057,366.3780800998211,1228.8838401436806,2.1967151165008545,0.4583333432674408,0.294627845287323,84.8702831166905,0,20193,30697,17036,2998,0,
76,674.4058225303888,61.53462454676628,99.72300752997398,455.09993471205235,1290.9927982836962,1.9558115005493164,0.3750000298023224,0.294627845287323,76.75417797090392,0,20193,30697,16417,2691,0,
77,696.5897921472788,61.799902468919754,99.5382722467184,336.5576956421137,1194.7366390377283,0.0,0.5833333730697632,0.0,79.36273562071733,0,20193,30697,16346,2862,0,
78,394.96211148798466,61.3760631531477,101.05062462389469,580.0096318125725,1137.6306880265474,0.0,0.2857142984867096,0.0,81.44077235606036,0,20193,30697,16554,2878,0,
79,677.0952623337507,62.04294413328171,99.73878413438797,336.40844747424126,1175.524702295661,0.3145844638347626,0.5,0.1178511455655098,73.76418023575533,0,20193,30697,15908,2753,0,
80,694.2994557321072,63.22444789111614,101.36204771697521,327.3046091198921,1186.4398401230574,0.19757789373397827,0.375,0.1767766922712326,87.32991966746262,0,20193,30697,16928,2995,0,
81,674.3036806583405,61.50521524250507,99.7439045459032,338.2101431488991,1173.996191471815,2.1033132076263428,0.4583333730697632,0.176776722073555,72.14159604419827,0,20193,30697,16088,2733,0,
82,674.3498556315899,61.51942349970341,99.99670460820198,308.5168320685625,1144.611744210124,0.0,0.5833333730697632,0.0,66.92543406100386,0,20193,30697,15293,2618,0,
83,673.4118387103081,62.81532905995846,103.15987095236778,546.3894717395306,1386.0126063227654,2.1674418449401855,0.4583333730697632,0.176776722073555,79.50043376512464,0,20193,30697,16344,2839,0,
84,674.6383998543024,61.87004782259464,100.54847970604897,309.2859201133251,1146.5753596276045,0.0,0.3333333432674408,0.0,67.37384515319704,0,20193,30697,15422,2776,0,
85,691.8123513460159,63.280416652560234,103.00473496317863,309.58368070423603,1167.9284796118736,1.9096543788909912,0.5416666865348816,0.05892559140920639,87.94735070975115,0,20193,30697,17158,2982,0,
86,672.5870091468096,61.99212744832039,99.9540165066719,423.0141770094633,1257.7758729457855,1.9305309057235718,0.5416666865348816,0.05892559140920639,76.72232160245898,0,20193,30697,16518,2716,0,
87,412.37228736281395,62.65411153435707,100.43068788945675,309.67926420271397,885.4912631213665,1.4084466695785522,0.5,0.30304577946662903,84.58492435493328,0,20193,30697,17504,2915,0,
88,672.4237445741892,61.79036758840084,100.08665546774864,531.1713293194771,1365.7313287258148,0.3893621563911438,0.4166666865348816,0.2357022911310196,77.81723744127494,0,20193,30697,16559,2829,0,
89,682.9321924597025,61.89171224832535,99.8240951448679,309.65206399559975,1154.5382719486952,1.6415221691131592,0.5,0.1178511455655098,73.62210209779357,0,20193,30697,16200,2860,0,
90,395.90755105018616,64.65321592986584,102.70067304372787,538.8184636831284,1102.3257914930582,0.0,0.2857142984867096,0.0,81.1903739155416,0,20193,30697,16834,2946,0,
91,394.49977688491344,61.72502413392067,100.69875232875347,335.9209280461073,893.0798415094614,0.0,0.2857142984867096,0.0,77.82441952345201,0,20193,30697,16492,2765,0,
92,683.092288672924,63.760191202163696,101.41516849398613,414.4356157630682,1262.9574723541737,1.99188232421875,0.5,0.1178511455655098,87.80615965168447,0,20193,30697,16944,2987,0,
93,395.18303982913494,61.611201614141464,98.98419119417667,336.0224962234497,892.0336961746216,1.5565810203552246,0.5,0.30304577946662903,77.5897593714677,0,20193,30697,16904,2750,0,
94,400.9165111929178,62.79939226806164,101.58048011362553,473.81654381752014,1039.3583681434393,0.0,0.2857142984867096,0.0,86.86287492408637,0,20193,30697,17259,2959,0,
95,392.01395213603973,61.21660768985748,99.53913651406765,336.1747842282057,889.1748171299696,0.0,0.2857142984867096,0.0,76.7137658680354,0,20193,30697,16768,2769,0,
96,397.08768017590046,64.4692163914442,100.87081603705883,479.9991361796856,1042.6687356084585,0.0,0.2857142984867096,0.0,82.66516446836322,0,20193,30697,17237,2952,0,
97,668.3807037770748,61.35411374270916,99.78646226227283,308.6392655968666,1138.408960774541,-1.5921642780303955,0.625,0.05892555043101311,71.63489624214496,0,20193,30697,16212,2742,0,
98,699.1717759519815,62.331678345799446,100.22019222378731,309.8509442061186,1171.8234233558178,0.5274872183799744,0.5416666865348816,0.1767766922712326,84.41563378134283,0,20193,30697,17260,2988,0,
99,669.5220489054918,61.38636730611324,99.51036795973778,493.3764170855284,1324.0486737340689,1.9254295825958252,0.4583333730697632,0.176776722073555,76.80118539049955,0,20193,30697,16751,2787,0,
100,681.3321597874165,61.65152043104172,98.85955229401588,309.5032647252083,1151.5775676816702,0.0,0.5833333730697632,0.0,75.06259947008128,0,20193,30697,16424,2825,0,
101,394.53161507844925,62.46422417461872,100.68083181977272,548.619233071804,1106.5204478800297,0.0,0.2857142984867096,0.0,79.43382190007902,0,20193,30697,16683,2902,0,
102,673.5913921147585,62.01113574206829,99.670784547925,309.4382081180811,1144.9711993336678,1.5482558012008667,0.4583333730697632,0.176776722073555,73.68426064854071,0,20193,30697,15950,2801,0,
103,689.7152308374643,62.78624013066292,100.76943971216679,316.575039178133,1170.0958386063576,0.0,0.5833333730697632,0.0,87.04103581894952,0,20193,30697,16981,3010,0,
104,670.2016312628984,61.46563217043877,99.48592074215412,414.44870457053185,1245.8421122282743,-0.2999279499053955,0.5416666865348816,0.1767766922712326,75.41052424951906,0,20193,30697,16327,2712,0,
105,685.1099524646997,62.19263933598995,100.10761581361294,308.6088318377733,1156.25318326056,1.9701247215270996,0.4583333730697632,0.176776722073555,83.09937174547102,0,20193,30697,16785,2887,0,
106,672.9612164199352,63.01110424101353,101.69471986591816,512.6056633889675,1350.5175355821848,1.8154990673065186,0.5416666865348816,0.05892559140920639,82.09240783582644,0,20193,30697,16797,2972,0,
107,392.79939234256744,61.06985546648502,99.7402872890234,309.00899320840836,862.8439046442509,0.0,0.2857142984867096,0.0,74.53792492327037,0,20193,30697,16537,2851,0,
108,395.0952645391226,62.79408000409603,100.930817425251,542.3302389681339,1101.3923846185207,0.0,0.2857142984867096,0.0,83.53370202860313,0,20193,30697,17147,2925,0,
109,671.768831089139,61.57132796943188,100.4783995449543,308.73891338706017,1142.7954882383347,2.04463791847229,0.5,0.1178511455655098,73.23473774323041,0,20193,30697,16169,2742,0,
110,693.828446790576,63.59846331179142,100.65104067325592,335.25785617530346,1193.5691516846418,0.044760316610336304,0.2083333432674408,0.1767766922712326,88.37163133950799,0,20193,30697,17341,2986,0,
111,671.0940171033144,61.32873520255089,99.27516803145409,491.9429440051317,1323.877727612853,0.5149280428886414,0.4166666865348816,0.117851123213768,78.61276856404704,0,20193,30697,16514,2766,0,
112,409.2055670917034,61.498623341321945,100.25775991380215,335.4772478342056,906.6726714372635,0.0,0.2857142984867096,0.0,82.51185978414107,0,20193,30697,16841,2877,0,
113,671.0279043763876,62.72147223353386,100.688511505723,590.2051515877247,1424.8726405203342,2.067673444747925,0.4583333730697632,0.176776722073555,81.7030806770368,0,20193,30697,16606,2912,0,
114,669.9509434401989,61.370814219117165,100.2090573310852,335.4623354971409,1167.2350075095892,2.110599994659424,0.5416666865348816,0.05892559140920639,72.18073121196029,0,20193,30697,15826,2739,0,
115,404.77024018764496,63.14566358923912,103.3864002674818,442.43347086012363,1013.9812473207712,0.0,0.2857142984867096,0.0,86.88110018536372,0,20193,30697,17188,2980,0,
116,670.556640252471,61.43382377922535,99.67542439699173,372.3086081445217,1204.2088955640793,1.805521011352539,0.4166666865348816,0.2357022911310196,75.44801608299402,0,20193,30697,16111,2726,0,
117,413.58403116464615,63.05062398314476,101.93180851638317,349.7894089668989,928.5930246114731,0.0,0.2857142984867096,0.0,89.19231985195344,0,20193,30697,17329,2970,0,
118,392.86201633512974,61.52278371155262,99.77484866976738,336.3840002566576,890.7793294638395,0.0,0.2857142984867096,0.0,79.59679964009803,0,20193,30697,16622,2728,0,
119,698.2834544032812,63.03855963051319,100.27158446609974,312.2184965759516,1174.0563195198774,0.0,0.5833333730697632,0.0,88.75298430828495,0,20193,30697,17196,2939,0,
120,670.6044171005487,62.470847740769386,100.84591992199421,484.67062413692474,1318.8193291425705,-0.8234020471572876,0.5416666865348816,0.05892559140920639,76.9370790608894,0,20193,30697,16220,2770,0,
121,406.18009492754936,61.7337916046381,99.49862398207188,309.0700153261423,876.7119348049164,0.0,0.2857142984867096,0.0,77.28869763800147,0,20193,30697,16978,2870,0,
122,394.949471578002,61.04051321744919,100.23820772767067,425.7863350212574,982.2482876479626,0.0,0.2857142984867096,0.0,74.47476093808768,0,20193,30697,16622,2696,0,
123,689.9303365498781,61.308352276682854,100.16783885657787,312.5775679945946,1164.2221435904503,0.10340023040771484,0.2083333432674408,0.058925561606884,78.71704990291158,0,20193,30697,16712,2879,0,
124,674.566401168704,63.78732807934284,102.17091254889965,519.8377594351768,1360.6085125356913,1.588417649269104,0.5,0.1178511455655098,80.81289640181888,0,20193,30697,16856,2974,0,
125,674.1763520985842,61.37913465499878,100.14828853309155,336.28214336931705,1172.2642872482538,2.0616936683654785,0.4166666865348816,0.2357022911310196,71.06637973333423,0,20193,30697,15892,2737,0,
126,406.4338896423578,64.0600323677063,103.06460782885551,378.208352252841,952.0126730203629,0.0,0.2857142984867096,0.0,84.36256040574807,0,20193,30697,17114,2974,0,
127,670.8634234964848,61.36799976229668,100.33939220011234,345.67209519445896,1178.4697584807873,0.13603371381759644,0.5833333730697632,0.3535533845424652,74.83407766889881,0,20193,30697,16410,2706,0,
128,409.7865279763937,64.82912041246891,101.68019309639931,349.75683130323887,926.2984003871679,0.0,0.2857142984867096,0.0,87.91929725705421,0,20193,30697,17456,2979,0,
129,671.6645117849112,61.27820909023285,99.1125125437975,464.3176943063736,1296.6021746397018,2.087599754333496,0.5,0.1178511455655098,76.49456734981527,0,20193,30697,16525,2725,0,
130,407.4170235544443,61.58537603914738,99.82147254049778,337.4069109559059,906.4668789505959,0.0,0.2857142984867096,0.0,85.28878361723211,0,20193,30697,17019,2921,0,
131,672.6122889667749,61.35270372033119,99.7293759137392,548.2799038290977,1382.2068478912115,2.0957818031311035,0.4583333730697632,0.176776722073555,80.55616492222079,0,20193,30697,16582,2897,0,
132,397.82144129276276,61.28457561135292,100.00352002680302,311.87430396676064,871.2252173572779,0.0,0.2857142984867096,0.0,76.01446949236828,0,20193,30697,16504,2867,0,
133,674.503231421113,63.886336982250214,102.23190300166607,476.04668885469437,1316.9069439172745,1.9388056993484497,0.3750000298023224,0.294627845287323,80.8669866221047,0,20193,30697,16588,2981,0,
134,394.20819096267223,61.213281005620956,100.26588663458824,309.60451252758503,865.5225913971663,0.0,0.2857142984867096,0.0,74.51480963009229,0,20193,30697,16643,2823,0,
135,681.1749115586281,62.2518714517355,99.38166476786137,312.65283189713955,1155.7055357843637,1.91511869430542,0.4166666865348816,0.2357022911310196,72.70325277135213,0,20193,30697,15910,2620,0,
136,672.6576313376427,61.76147237420082,100.05318373441696,309.28697623312473,1143.9944952726364,0.0,0.5833333730697632,0.0,69.17961587724997,0,20193,30697,15365,2557,0,
137,397.21900783479214,61.5793913602829,100.17052851617336,309.1732803732157,868.4291522949934,0.0,0.2857142984867096,0.0,73.0191262655515,0,20193,30697,15665,2539,0,
138,393.78393441438675,61.510784551501274,100.8121594786644,309.63414534926414,865.9762237221003,0.0,0.2857142984867096,0.0,72.32032974016968,0,20194,30697,15738,2505,0,
139,687.4909773468971,63.03276866674423,101.52886435389519,378.1663663685322,1230.4606717079878,2.072883367538452,0.5,0.1178511455655098,84.74462702093524,0,20194,30697,16928,2912,0,
140,394.2550718784332,61.50486506521702,100.60089640319347,314.4738879054785,871.0727691650391,0.0,0.2857142984867096,0.0,73.62013499619262,0,20194,30697,16626,2778,0,
141,693.2318713515997,63.64675238728523,103.19171100854874,325.0272646546364,1185.3381115943193,0.077098548412323,0.2916666865348816,0.0589255727827549,86.82094318640537,0,20194,30697,17495,3004,0,
142,671.5002879500389,61.439743265509605,100.49385763704777,402.4680946022272,1236.140063032508,0.9762108325958252,0.4583333730697632,0.176776722073555,74.03121024969191,0,20194,30697,16364,2735,0,
143,692.5274878740311,61.96233630180359,99.53571110963821,308.7211847305298,1162.982303649187,1.9298601150512695,0.5416666865348816,0.05892559140920639,74.03480655297994,0,20194,30697,16660,2920,0,
144,675.9251207113266,62.948254868388176,101.4114897698164,522.3719347268343,1362.901920452714,1.9166678190231323,0.5,0.1178511455655098,79.28415805108368,0,20194,30697,16678,2975,0,
145,670.0099837034941,61.42585538327694,100.12934543192387,308.758782222867,1140.564190223813,1.877901554107666,0.5,0.1178511455655098,68.88021236279435,0,20194,30697,15913,2816,0,
146,405.5568315088749,62.40755133330822,101.80064104497433,419.9839346110821,989.9942390620708,0.0,0.2857142984867096,0.0,83.7731426508159,0,20194,30697,17292,3010,0,
147,672.2142081707716,62.16787174344063,100.49804858863354,315.74783846735954,1150.8605424314737,1.9986512660980225,0.3333333432674408,0.35355344414711,72.74247891611515,0,20194,30697,16335,2762,0,
148,697.8676803410053,61.86054274439812,100.06460919976234,310.1493753492832,1170.179072767496,0.39316675066947937,0.3750000298023224,0.294627845287323,82.82198284900038,0,20194,30697,17320,2985,0,
149,393.192894756794,61.52025610208511,99.95593503117561,337.87068724632263,892.7741423249245,0.0,0.2857142984867096,0.0,76.85483359367707,0,20194,30697,16735,2735,0,
150,671.9179842621088,61.64156831800938,100.07897578179836,309.5914237201214,1143.4602234512568,2.044126033782959,0.4583333730697632,0.176776722073555,68.81237529190958,0,20194,30697,15687,2619,0,
151,672.8987526148558,61.601825058460236,101.14390403032303,549.3523515760899,1385.2312322705984,1.945762038230896,0.5416666865348816,0.05892559140920639,76.12039942791928,0,20194,30697,16320,2796,0,
152,678.5466875880957,61.52527965605259,99.96912069618702,308.9713603258133,1149.2684166878462,0.5480204820632935,0.5,0.3535533845424652,71.32609886455427,0,20194,30697,16102,2772,0,
153,692.0514553785324,62.74441443383694,101.87145695090294,338.3984323590994,1195.3106243163347,0.3870236277580261,0.25,0.1178511381149292,86.22740977093008,0,20194,30697,17106,3000,0,
154,670.3389771282673,61.5338571369648,99.66028667986393,383.37632082402706,1215.1406407356262,0.40641745924949646,0.5,0.2357022762298584,74.65945054312805,0,20194,30697,16498,2726,0,
155,695.041824132204,61.87555380165577,100.6319671869278,309.30895917117596,1167.0945268124342,0.047638654708862305,0.5,0.1178511455655098,82.32275885796093,0,20194,30697,16884,2913,0,
156,392.88697578012943,61.86441518366337,100.14384053647518,469.856608659029,1025.0120013952255,0.0,0.2857142984867096,0.0,79.60042147858032,0,20194,30697,16558,2775,0,
157,686.2352956086397,61.70681677758694,100.20812787115574,312.4396149069071,1160.8384307473898,-1.9298644065856934,0.625,0.05892555043101311,79.71259440283968,0,20194,30697,16769,2833,0,
158,675.446879118681,61.78928166627884,99.98947195708752,309.17055904865265,1146.6385275125504,0.06652286648750305,0.2916666865348816,0.1767766922712326,71.14257739800614,0,20194,30697,15822,2678,0,
159,671.6935988515615,61.74383871257305,99.84704107046127,309.1441597789526,1142.6642555743456,0.0,0.5833333730697632,0.0,66.83553810443729,0,20194,30697,15283,2591,0,
160,691.0364478826523,63.074495643377304,101.72649659216404,315.94396755099297,1172.0239352434874,2.1676573753356934,0.4583333432674408,0.294627845287323,86.67605910676446,0,20194,30697,17108,2930,0,
161,671.9912327826023,61.537086963653564,100.30428878962994,338.124543428421,1172.2027845680714,-2.000408411026001,0.7083333730697632,0.1767766922712326,73.30203261104585,0,20194,30697,16276,2678,0,
162,395.2328637242317,61.315007507801056,100.5257610231638,309.55247953534126,866.8781127780676,0.0,0.2857142984867096,0.0,72.69503171540593,0,20194,30697,16070,2591,0,
163,674.6411211788654,61.63353472948074,100.41888058185577,440.25740772485733,1277.2016003727913,0.12299054861068726,0.375,0.0589255727827549,72.63660167007471,0,20194,30697,15795,2609,0,
164,404.3472334742546,61.97897531092167,99.30035285651684,308.9660797268152,874.8470414429903,0.0,0.2857142984867096,0.0,80.27081720531858,0,20194,30697,17155,2829,0,
165,393.44070479273796,61.827488243579865,99.89382326602936,338.155809789896,893.5539536178112,0.0,0.2857142984867096,0.0,75.1686217467935,0,20194,30697,16664,2667,0,
166,410.18678434193134,63.03241662681103,102.11401619017124,333.51113460958004,909.087136387825,0.0,0.2857142984867096,0.0,89.08407676159881,0,20194,30697,17741,2946,0,
167,671.9626877456903,61.69244833290577,99.71632063388824,402.59174443781376,1236.2004164606333,0.0,0.4166666865348816,0.0,77.07696363870619,0,20194,30697,16468,2702,0,
168,694.5144645869732,62.91023828089237,100.08889622986317,309.5893766731024,1167.3357766121626,2.09592866897583,0.5416666865348816,0.05892559140920639,79.11228668353968,0,20194,30697,16902,2894,0,
169,672.2282879054546,63.047200441360474,101.63167864084244,518.2372163981199,1355.3891517221928,0.5684792995452881,0.5,0.1178511455655098,82.475033248819,0,20194,30697,17016,2985,0,
170,393.96739192306995,61.712032184004784,100.17843171954155,309.58796851336956,865.6807690858841,0.0,0.2857142984867096,0.0,75.31365449727636,0,20194,30697,16622,2823,0,
171,680.0112314522266,62.98476830124855,102.30051167309284,337.8545269370079,1183.390462771058,-1.9608631134033203,0.625,0.05892555043101311,81.59153143476662,0,20194,30697,16810,2964,0,
172,672.9655675590038,61.62192113697529,99.80227239429951,309.4909433275461,1144.1125124692917,1.4477012157440186,0.4166666865348816,0.2357022911310196,72.5596066683401,0,20194,30697,16076,2690,0,
173,407.54073671996593,62.627583742141724,101.39366425573826,391.9708803296089,963.7823682278395,0.0,0.2857142984867096,0.0,85.23730072009602,0,20194,30697,17310,2954,0,
174,674.1244476288557,61.501407995820045,100.19017569720745,340.7566398382187,1176.8086068332195,2.095643997192383,0.4166666865348816,0.2357022911310196,72.07768790137594,0,20194,30697,16176,2753,0,
175,409.11222435534,63.249120488762856,102.34246402978897,329.57449555397034,904.5169930905104,0.0,0.2857142984867096,0.0,87.84863238074048,0,20194,30697,17473,2981,0,
176,674.7519355267286,61.694080010056496,100.19532777369022,410.300737246871,1247.1826560795307,1.5526034832000732,0.4166666865348816,0.2357022911310196,75.25476698787932,0,20195,30697,16472,2712,0,
177,697.3201595246792,61.369407922029495,100.73014348745346,312.38425709307194,1172.0509435981512,-0.06533712148666382,0.4583333432674408,0.05892555043101311,82.8886554663505,0,20195,30697,16720,2901,0,
178,675.0445123761892,63.26003186404705,101.49494372308254,512.0335686951876,1352.0733434706926,1.6704955101013184,0.4166666865348816,0.2357022911310196,82.37284830753892,0,20195,30697,16748,2969,0,
179,673.2555199414492,61.579231172800064,100.16064159572124,311.8607997894287,1147.0962557941675,1.268438696861267,0.5416666865348816,0.05892559140920639,71.79178462214993,0,20195,30697,16013,2797,0,
180,395.0933441519737,61.364671215415,99.63168017566204,312.59635277092457,868.9245115965605,0.0,0.2857142984867096,0.0,69.02036732721781,0,20195,30697,16024,2665,0,
181,671.219838783145,61.55548803508282,100.26204772293568,333.0482244491577,1166.3209274411201,1.9648888111114502,0.5416666865348816,0.05892559140920639,68.41437948664499,0,20195,30697,15466,2585,0,
182,697.2721610218287,62.61795200407505,99.85443204641342,338.10409530997276,1198.0964802205563,2.107203483581543,0.4583333730697632,0.176776722073555,87.05273856760942,0,20195,30697,17068,2902,0,
183,672.7362237870693,61.41017749905586,99.18496012687683,557.5784631073475,1391.1499194800854,0.0,0.5833333730697632,0.0,77.75422957720124,0,20195,30697,16094,2788,0,
184,683.0094065517187,61.434464529156685,100.30131228268147,336.21881529688835,1181.2071986496449,2.1491763591766357,0.4583333730697632,0.176776722073555,75.75929184641026,0,20195,30697,15794,2839,0,
185,397.4750079214573,63.405441120266914,101.71222314238548,522.070337086916,1084.9073603749275,0.0,0.2857142984867096,0.0,87.7239243748683,0,20195,30697,16926,2958,0,
186,671.7468798160553,61.47516705095768,99.79798458516598,336.46672032773495,1169.7281915694475,1.9236977100372314,0.5,0.1178511455655098,74.23037086570153,0,20195,30697,15994,2745,0,
187,409.459488466382,62.766240909695625,103.6143358796835,404.14851158857346,980.252543464303,0.0,0.2857142984867096,0.0,88.32159226244146,0,20195,30697,17161,2968,0,
188,673.0553265661001,61.57267279922962,100.7732804864645,417.63939149677753,1253.283167257905,-0.052601322531700134,0.25,0.1178511381149292,77.41816985184623,0,20195,30697,16205,2710,0,
189,406.80726431310177,61.586303636431694,100.4112958908081,335.1425286382437,904.1802883148193,1.7384108304977417,0.5,0.30304577946662903,81.38984778848736,0,20195,30697,17118,2813,0,
190,672.0873918384314,61.325374990701675,99.84767995774746,535.5721600353718,1369.065310806036,1.8817063570022583,0.5,0.1178511455655098,76.78909480990548,0,20195,30697,16433,2737,0,
191,681.6757768392563,61.73049472272396,99.83548894524574,335.270656272769,1178.7502728402615,-1.7548502683639526,0.6666666865348816,0.11785110086202621,73.53320660577799,0,20195,30697,16167,2833,0,
192,395.25529742240906,62.501855194568634,101.56000033020973,551.4510720968246,1111.007584258914,0.0,0.2857142984867096,0.0,80.54514968890832,0,20195,30697,16944,2950,0,
193,394.4705929607153,61.453696340322495,99.60892796516418,334.8370250314474,890.6148169189692,0.0,0.2857142984867096,0.0,75.49323858561675,0,20195,30697,16391,2831,0,
194,684.408575296402,63.77587281167507,101.76463983952999,398.4224647283554,1248.619232326746,0.0,0.5833333730697632,0.0,83.52854048661929,0,20195,30697,16779,2997,0,
195,393.4086076915264,60.99596805870533,99.8759362846613,312.56028823554516,867.0745920389891,0.0,0.2857142984867096,0.0,73.08177477864706,0,20195,30697,16485,2833,0,
196,687.1889922767878,62.985217198729515,101.71644762158394,367.98121593892574,1220.1222404837608,-0.5627378225326538,0.6666666865348816,0.2357022911310196,87.89776303301315,0,20195,30697,17277,3002,0,
197,393.0912967771292,61.30259111523628,100.03676824271679,336.06332913041115,890.7242566347122,0.0,0.2857142984867096,0.0,79.26026272025611,0,20195,30697,16910,2732,0,
198,692.8399037569761,65.81635028123856,102.22608037292957,308.7976649403572,1169.930912554264,2.099944591522217,0.3750000298023224,0.294627845287323,89.18582385826362,0,20195,30697,17501,2981,0,
199,671.1553931236267,61.2393282353878,100.54371133446693,442.5744004547596,1275.7443208247423,0.0,0.3333333432674408,0.0,76.7105096379195,0,20195,30697,16339,2761,0,
